{
    "name": "Xilinx Isppipeline_mono Test", 
    "description": "HLS case", 
    "flow": "hls", 
    "platform_allowlist": [
        "u200", 
        "u50",
		"zcu102", 
        "zcu104"
    ], 
    "platform_blocklist": [], 
    "part_allowlist": [], 
    "part_blocklist": [], 
    "project": "isppipeline_mono", 
    "solution": "sol1", 
    "clock": "3.3", 
    "topfunction": "ISPPipeline_accel", 
    "top": {
        "source": [
            "${XF_PROJ_ROOT}/L1/examples/isppipeline_mono/xf_isp_accel.cpp"
        ], 
        "cflags": " -I ${XF_PROJ_ROOT}/L1/examples/isppipeline_mono/config -I${XF_PROJ_ROOT}/L1/include -I ./ -D__SDSVHLS__ -std=c++0x", 
        "csimflags": " -I ${XF_PROJ_ROOT}/L1/examples/isppipeline_mono/config -I${XF_PROJ_ROOT}/L1/include -I ./ -D__SDSVHLS__ -std=c++0x"
    }, 
    "testbench": {
        "source": [
            "${XF_PROJ_ROOT}/L1/examples/isppipeline_mono/xf_isp_tb.cpp"
        ], 
        "cflags": " -I ${XF_PROJ_ROOT}/L1/examples/isppipeline_mono/config -I${OPENCV_INCLUDE} -I${XF_PROJ_ROOT}/L1/include -I ./ -D__SDSVHLS__ -std=c++0x", 
        "ldflags": "-L ${OPENCV_LIB} -lopencv_imgcodecs -lopencv_imgproc -lopencv_core -lopencv_highgui -lopencv_flann -lopencv_features2d", 
        "argv": {
            "hls_csim": " ${XF_PROJ_ROOT}/data/ltm_input_HD.png ", 
            "hls_cosim": " ${XF_PROJ_ROOT}/data/ltm_input_HD.png  "
        }, 
        "stdmath": false, 
        "csimflags": " -I ${XF_PROJ_ROOT}/L1/examples/isppipeline_mono/config -I${XF_PROJ_ROOT}/L1/include -I ./ -D__SDSVHLS__ -std=c++0x"
    }, 
    "testinfo": {
        "disable": false, 
        "jobs": [
            {
                "index": 0, 
                "dependency": [], 
                "env": "", 
                "cmd": "", 
                "max_memory_MB": {
                    "vivado_syn": 16384, 
                    "hls_csim": 10240, 
                    "hls_cosim": 16384, 
                    "vivado_impl": 16384, 
                    "hls_csynth": 10240
                }, 
                "max_time_min": {
                    "vivado_syn": 300, 
                    "hls_csim": 60, 
                    "hls_cosim": 300, 
                    "vivado_impl": 300, 
                    "hls_csynth": 60
                }
            }
        ], 
        "targets": [
            "hls_csim", 
            "hls_csynth", 
            "hls_cosim", 
            "vivado_syn", 
            "vivado_impl"
        ], 
        "category": "canary"
    }
}