{
    "name": "Xilinx RGBR-IR Bayer L1 Test",
    "description": "HLS case",
    "flow": "hls",
    "platform_allowlist": [
        "u200",
        "u50",
        "zcu102",
        "zcu104",
        "aws-vu9p-f1",
        "vck190"
    ],
    "platform_blocklist": [],
    "part_allowlist": [],
    "part_blocklist": [],
    "project": "rgbirbayer",
    "solution": "sol1",
    "clock": "3.3",
    "topfunction": "rgbir_accel",
    "top": {
        "source": [
            "${XF_PROJ_ROOT}/L1/examples/accumulate/xf_rgbir_accel.cpp"
        ],
        "cflags": " -I ${XF_PROJ_ROOT}/L1/examples/rgbirbayer/config -I${XF_PROJ_ROOT}/L1/include -I ./ ",
        "csimflags": " -I ${XF_PROJ_ROOT}/L1/examples/rgbirbayer/config -I${XF_PROJ_ROOT}/L1/include -I ./ "
    },
    "testbench": {
        "source": [
            "${XF_PROJ_ROOT}/L1/examples/accumulate/xf_rgbir_tb.cpp"
        ],
        "cflags": " -I ${XF_PROJ_ROOT}/L1/examples/rgbirbayer/config -I${OPENCV_INCLUDE} -I${XF_PROJ_ROOT}/L1/include -I ./ ",
        "ldflags": "-L ${OPENCV_LIB} -lopencv_imgcodecs -lopencv_imgproc -lopencv_core",
        "argv": {
            "hls_csim": " ",
            "hls_cosim": " "
        },
        "stdmath": false,
        "csimflags": " -I ${XF_PROJ_ROOT}/L1/examples/rgbirbayer/config -I${XF_PROJ_ROOT}/L1/include -I ./"
    },
    "testinfo": {
        "disable": true,
        "jobs": [
            {
                "index": 0,
                "dependency": [],
                "env": "",
                "cmd": "",
                "max_memory_MB": {
                    "vivado_syn": 16384,
                    "hls_csim": 10240,
                    "hls_cosim": 16384,
                    "vivado_impl": 16384,
                    "hls_csynth": 10240
                },
                "max_time_min": {
                    "vivado_syn": 300,
                    "hls_csim": 60,
                    "hls_cosim": 470,
                    "vivado_impl": 300,
                    "hls_csynth": 60
                }
            }
        ],
        "targets": [
            "hls_csim",
            "hls_csynth",
            "hls_cosim",
            "vivado_syn",
            "vivado_impl"
        ],
        "category": "canary"
    },
    "gui": false
}